name,rs,tm,batch_size,threads,duration,thread_id,core_id,exp_time_in_sec,iterations
vnr-counter-scaleout-wr10,Socket,Interleave,32,1,10.0,0,0,1,27648192
vnr-counter-scaleout-wr10,Socket,Interleave,32,1,10.0,0,0,2,27181216
vnr-counter-scaleout-wr10,Socket,Interleave,32,1,10.0,0,0,3,27398720
vnr-counter-scaleout-wr10,Socket,Interleave,32,1,10.0,0,0,4,27139072
vnr-counter-scaleout-wr10,Socket,Interleave,32,1,10.0,0,0,5,27455552
vnr-counter-scaleout-wr10,Socket,Interleave,32,1,10.0,0,0,6,27308160
vnr-counter-scaleout-wr10,Socket,Interleave,32,1,10.0,0,0,7,27312992
vnr-counter-scaleout-wr10,Socket,Interleave,32,1,10.0,0,0,8,27501632
vnr-counter-scaleout-wr10,Socket,Interleave,32,1,10.0,0,0,9,27088448
vnr-counter-scaleout-wr10,Socket,Interleave,32,1,10.0,0,0,10,27361216
vnr-counter-scaleout-wr10,Socket,Interleave,32,1,10.0,0,0,11,27588320
vnr-counter-scaleout-wr10,Socket,Interleave,32,1,10.0,0,0,12,26848512
vnr-counter-scaleout-wr10,Socket,Interleave,32,1,10.0,0,0,13,27537824
vnr-counter-scaleout-wr10,Socket,Interleave,32,1,10.0,0,0,14,27564064
vnr-counter-scaleout-wr10,Socket,Interleave,32,1,10.0,0,0,15,27105184
vnr-counter-scaleout-wr10,Socket,Interleave,32,1,10.0,0,0,16,27427808
vnr-counter-scaleout-wr10,Socket,Interleave,32,1,10.0,0,0,17,27637568
vnr-counter-scaleout-wr10,Socket,Interleave,32,1,10.0,0,0,18,27366720
vnr-counter-scaleout-wr10,Socket,Interleave,32,1,10.0,0,0,19,27564096
vnr-counter-scaleout-wr10,Socket,Interleave,32,1,10.0,0,0,20,27011712
vnr-counter-scaleout-wr10,Socket,Interleave,32,1,10.0,0,0,21,27553408
vnr-counter-scaleout-wr10,Socket,Interleave,32,1,10.0,0,0,22,27289376
vnr-counter-scaleout-wr10,Socket,Interleave,32,1,10.0,0,0,23,27451296
vnr-counter-scaleout-wr10,Socket,Interleave,32,1,10.0,0,0,24,27581888
vnr-counter-scaleout-wr10,Socket,Interleave,32,1,10.0,0,0,25,27200800
vnr-counter-scaleout-wr10,Socket,Interleave,32,1,10.0,0,0,26,27535168
vnr-counter-scaleout-wr10,Socket,Interleave,32,1,10.0,0,0,27,27508288
vnr-counter-scaleout-wr10,Socket,Interleave,32,1,10.0,0,0,28,26878080
vnr-counter-scaleout-wr10,Socket,Interleave,32,1,10.0,0,0,29,27669856
vnr-counter-scaleout-wr10,Socket,Interleave,32,1,10.0,0,0,30,27630688
vnr-counter-scaleout-wr10,Socket,Interleave,32,1,10.0,0,0,31,27321280
vnr-counter-scaleout-wr10,Socket,Interleave,32,1,10.0,0,0,32,27586592
vnr-counter-scaleout-wr10,Socket,Interleave,32,1,10.0,0,0,33,27418144
vnr-counter-scaleout-wr10,Socket,Interleave,32,1,10.0,0,0,34,27065056
vnr-counter-scaleout-wr10,Socket,Interleave,32,1,10.0,0,0,35,27430816
vnr-counter-scaleout-wr10,Socket,Interleave,32,1,10.0,0,0,36,27148640
vnr-counter-scaleout-wr10,Socket,Interleave,32,1,10.0,0,0,37,26900224
vnr-counter-scaleout-wr10,Socket,Interleave,32,1,10.0,0,0,38,27098720
vnr-counter-scaleout-wr10,Socket,Interleave,32,1,10.0,0,0,39,27612960
vnr-counter-scaleout-wr10,Socket,Interleave,32,1,10.0,0,0,40,27420672
vnr-counter-scaleout-wr10,Socket,Interleave,32,1,10.0,0,0,41,27304096
vnr-counter-scaleout-wr10,Socket,Interleave,32,1,10.0,0,0,42,27094048
vnr-counter-scaleout-wr10,Socket,Interleave,32,1,10.0,0,0,43,21541088
vnr-counter-scaleout-wr10,Socket,Interleave,32,1,10.0,0,0,44,24240416
vnr-counter-scaleout-wr10,Socket,Interleave,32,1,10.0,0,0,45,26325792
vnr-counter-scaleout-wr10,Socket,Interleave,32,1,10.0,0,0,46,27042560
vnr-counter-scaleout-wr10,Socket,Interleave,32,1,10.0,0,0,47,26398080
vnr-counter-scaleout-wr10,Socket,Interleave,32,1,10.0,0,0,48,25934880
vnr-counter-scaleout-wr10,Socket,Interleave,32,1,10.0,0,0,49,27317728
vnr-counter-scaleout-wr10,Socket,Interleave,32,1,10.0,0,0,50,27614304
vnr-counter-scaleout-wr10,Socket,Interleave,32,1,10.0,0,0,51,27454400
vnr-counter-scaleout-wr10,Socket,Interleave,32,1,10.0,0,0,52,27229344
vnr-counter-scaleout-wr10,Socket,Interleave,32,1,10.0,0,0,53,27035520
vnr-counter-scaleout-wr10,Socket,Interleave,32,1,10.0,0,0,54,27391904
vnr-counter-scaleout-wr10,Socket,Interleave,32,1,10.0,0,0,55,27481504
vnr-counter-scaleout-wr10,Socket,Interleave,32,1,10.0,0,0,56,27606624
vnr-counter-scaleout-wr10,Socket,Interleave,32,1,10.0,0,0,57,27439680
vnr-counter-scaleout-wr10,Socket,Interleave,32,1,10.0,0,0,58,27427232
vnr-counter-scaleout-wr10,Socket,Interleave,32,1,10.0,0,0,59,27366560
vnr-counter-scaleout-wr10,Socket,Interleave,32,1,10.0,0,0,60,27630304
vnr-counter-scaleout-wr10,Socket,Interleave,32,7,10.0,0,0,1,5669088
vnr-counter-scaleout-wr10,Socket,Interleave,32,7,10.0,0,0,2,5701472
vnr-counter-scaleout-wr10,Socket,Interleave,32,7,10.0,0,0,3,5648800
vnr-counter-scaleout-wr10,Socket,Interleave,32,7,10.0,0,0,4,5638176
vnr-counter-scaleout-wr10,Socket,Interleave,32,7,10.0,0,0,5,5669312
vnr-counter-scaleout-wr10,Socket,Interleave,32,7,10.0,0,0,6,5678016
vnr-counter-scaleout-wr10,Socket,Interleave,32,7,10.0,0,0,7,5681344
vnr-counter-scaleout-wr10,Socket,Interleave,32,7,10.0,0,0,8,5633760
vnr-counter-scaleout-wr10,Socket,Interleave,32,7,10.0,0,0,9,5673056
vnr-counter-scaleout-wr10,Socket,Interleave,32,7,10.0,0,0,10,5654464
vnr-counter-scaleout-wr10,Socket,Interleave,32,7,10.0,0,0,11,5697568
vnr-counter-scaleout-wr10,Socket,Interleave,32,7,10.0,0,0,12,5649856
vnr-counter-scaleout-wr10,Socket,Interleave,32,7,10.0,0,0,13,5639872
vnr-counter-scaleout-wr10,Socket,Interleave,32,7,10.0,0,0,14,5655872
vnr-counter-scaleout-wr10,Socket,Interleave,32,7,10.0,0,0,15,5651744
vnr-counter-scaleout-wr10,Socket,Interleave,32,7,10.0,0,0,16,5653056
vnr-counter-scaleout-wr10,Socket,Interleave,32,7,10.0,0,0,17,5649280
vnr-counter-scaleout-wr10,Socket,Interleave,32,7,10.0,0,0,18,5690176
vnr-counter-scaleout-wr10,Socket,Interleave,32,7,10.0,0,0,19,5640096
vnr-counter-scaleout-wr10,Socket,Interleave,32,7,10.0,0,0,20,5663040
vnr-counter-scaleout-wr10,Socket,Interleave,32,7,10.0,0,0,21,5671200
vnr-counter-scaleout-wr10,Socket,Interleave,32,7,10.0,0,0,22,5715264
vnr-counter-scaleout-wr10,Socket,Interleave,32,7,10.0,0,0,23,5715392
vnr-counter-scaleout-wr10,Socket,Interleave,32,7,10.0,0,0,24,5676448
vnr-counter-scaleout-wr10,Socket,Interleave,32,7,10.0,0,0,25,5673952
vnr-counter-scaleout-wr10,Socket,Interleave,32,7,10.0,0,0,26,5632224
vnr-counter-scaleout-wr10,Socket,Interleave,32,7,10.0,0,0,27,5686560
vnr-counter-scaleout-wr10,Socket,Interleave,32,7,10.0,0,0,28,5657152
vnr-counter-scaleout-wr10,Socket,Interleave,32,7,10.0,0,0,29,5651168
vnr-counter-scaleout-wr10,Socket,Interleave,32,7,10.0,0,0,30,5648928
vnr-counter-scaleout-wr10,Socket,Interleave,32,7,10.0,0,0,31,5646688
vnr-counter-scaleout-wr10,Socket,Interleave,32,7,10.0,0,0,32,5654560
vnr-counter-scaleout-wr10,Socket,Interleave,32,7,10.0,0,0,33,5649440
vnr-counter-scaleout-wr10,Socket,Interleave,32,7,10.0,0,0,34,5644576
vnr-counter-scaleout-wr10,Socket,Interleave,32,7,10.0,0,0,35,5663936
vnr-counter-scaleout-wr10,Socket,Interleave,32,7,10.0,0,0,36,5694848
vnr-counter-scaleout-wr10,Socket,Interleave,32,7,10.0,0,0,37,5690848
vnr-counter-scaleout-wr10,Socket,Interleave,32,7,10.0,0,0,38,5691584
vnr-counter-scaleout-wr10,Socket,Interleave,32,7,10.0,0,0,39,5670464
vnr-counter-scaleout-wr10,Socket,Interleave,32,7,10.0,0,0,40,5646848
vnr-counter-scaleout-wr10,Socket,Interleave,32,7,10.0,0,0,41,5711968
vnr-counter-scaleout-wr10,Socket,Interleave,32,7,10.0,0,0,42,5661376
vnr-counter-scaleout-wr10,Socket,Interleave,32,7,10.0,0,0,43,5704064
vnr-counter-scaleout-wr10,Socket,Interleave,32,7,10.0,0,0,44,5725920
vnr-counter-scaleout-wr10,Socket,Interleave,32,7,10.0,0,0,45,5690656
vnr-counter-scaleout-wr10,Socket,Interleave,32,7,10.0,0,0,46,5608224
vnr-counter-scaleout-wr10,Socket,Interleave,32,7,10.0,0,0,47,5680864
vnr-counter-scaleout-wr10,Socket,Interleave,32,7,10.0,0,0,48,5615584
vnr-counter-scaleout-wr10,Socket,Interleave,32,7,10.0,0,0,49,5641824
vnr-counter-scaleout-wr10,Socket,Interleave,32,7,10.0,0,0,50,5645024
vnr-counter-scaleout-wr10,Socket,Interleave,32,7,10.0,0,0,51,5639104
vnr-counter-scaleout-wr10,Socket,Interleave,32,7,10.0,0,0,52,5649216
vnr-counter-scaleout-wr10,Socket,Interleave,32,7,10.0,0,0,53,5671328
vnr-counter-scaleout-wr10,Socket,Interleave,32,7,10.0,0,0,54,5656608
vnr-counter-scaleout-wr10,Socket,Interleave,32,7,10.0,0,0,55,5652960
vnr-counter-scaleout-wr10,Socket,Interleave,32,7,10.0,0,0,56,5649440
vnr-counter-scaleout-wr10,Socket,Interleave,32,7,10.0,0,0,57,5665760
vnr-counter-scaleout-wr10,Socket,Interleave,32,7,10.0,0,0,58,5676160
vnr-counter-scaleout-wr10,Socket,Interleave,32,7,10.0,0,0,59,5635296
vnr-counter-scaleout-wr10,Socket,Interleave,32,7,10.0,0,0,60,5712960
vnr-counter-scaleout-wr10,Socket,Interleave,32,7,10.0,1,1,1,5568640
vnr-counter-scaleout-wr10,Socket,Interleave,32,7,10.0,1,1,2,5585856
vnr-counter-scaleout-wr10,Socket,Interleave,32,7,10.0,1,1,3,5539424
vnr-counter-scaleout-wr10,Socket,Interleave,32,7,10.0,1,1,4,5536320
vnr-counter-scaleout-wr10,Socket,Interleave,32,7,10.0,1,1,5,5547744
vnr-counter-scaleout-wr10,Socket,Interleave,32,7,10.0,1,1,6,5574240
vnr-counter-scaleout-wr10,Socket,Interleave,32,7,10.0,1,1,7,5564896
vnr-counter-scaleout-wr10,Socket,Interleave,32,7,10.0,1,1,8,5532480
vnr-counter-scaleout-wr10,Socket,Interleave,32,7,10.0,1,1,9,5554752
vnr-counter-scaleout-wr10,Socket,Interleave,32,7,10.0,1,1,10,5551136
vnr-counter-scaleout-wr10,Socket,Interleave,32,7,10.0,1,1,11,5574080
vnr-counter-scaleout-wr10,Socket,Interleave,32,7,10.0,1,1,12,5543168
vnr-counter-scaleout-wr10,Socket,Interleave,32,7,10.0,1,1,13,5535040
vnr-counter-scaleout-wr10,Socket,Interleave,32,7,10.0,1,1,14,5554048
vnr-counter-scaleout-wr10,Socket,Interleave,32,7,10.0,1,1,15,5547136
vnr-counter-scaleout-wr10,Socket,Interleave,32,7,10.0,1,1,16,5536416
vnr-counter-scaleout-wr10,Socket,Interleave,32,7,10.0,1,1,17,5559872
vnr-counter-scaleout-wr10,Socket,Interleave,32,7,10.0,1,1,18,5566176
vnr-counter-scaleout-wr10,Socket,Interleave,32,7,10.0,1,1,19,5545664
vnr-counter-scaleout-wr10,Socket,Interleave,32,7,10.0,1,1,20,5546976
vnr-counter-scaleout-wr10,Socket,Interleave,32,7,10.0,1,1,21,5570752
vnr-counter-scaleout-wr10,Socket,Interleave,32,7,10.0,1,1,22,5602624
vnr-counter-scaleout-wr10,Socket,Interleave,32,7,10.0,1,1,23,5603520
vnr-counter-scaleout-wr10,Socket,Interleave,32,7,10.0,1,1,24,5561216
vnr-counter-scaleout-wr10,Socket,Interleave,32,7,10.0,1,1,25,5559616
vnr-counter-scaleout-wr10,Socket,Interleave,32,7,10.0,1,1,26,5549536
vnr-counter-scaleout-wr10,Socket,Interleave,32,7,10.0,1,1,27,5564896
vnr-counter-scaleout-wr10,Socket,Interleave,32,7,10.0,1,1,28,5552448
vnr-counter-scaleout-wr10,Socket,Interleave,32,7,10.0,1,1,29,5536768
vnr-counter-scaleout-wr10,Socket,Interleave,32,7,10.0,1,1,30,5542784
vnr-counter-scaleout-wr10,Socket,Interleave,32,7,10.0,1,1,31,5534080
vnr-counter-scaleout-wr10,Socket,Interleave,32,7,10.0,1,1,32,5529408
vnr-counter-scaleout-wr10,Socket,Interleave,32,7,10.0,1,1,33,5533216
vnr-counter-scaleout-wr10,Socket,Interleave,32,7,10.0,1,1,34,5537280
vnr-counter-scaleout-wr10,Socket,Interleave,32,7,10.0,1,1,35,5571136
vnr-counter-scaleout-wr10,Socket,Interleave,32,7,10.0,1,1,36,5569728
vnr-counter-scaleout-wr10,Socket,Interleave,32,7,10.0,1,1,37,5572160
vnr-counter-scaleout-wr10,Socket,Interleave,32,7,10.0,1,1,38,5569696
vnr-counter-scaleout-wr10,Socket,Interleave,32,7,10.0,1,1,39,5576032
vnr-counter-scaleout-wr10,Socket,Interleave,32,7,10.0,1,1,40,5534240
vnr-counter-scaleout-wr10,Socket,Interleave,32,7,10.0,1,1,41,5594784
vnr-counter-scaleout-wr10,Socket,Interleave,32,7,10.0,1,1,42,5538464
vnr-counter-scaleout-wr10,Socket,Interleave,32,7,10.0,1,1,43,5596192
vnr-counter-scaleout-wr10,Socket,Interleave,32,7,10.0,1,1,44,5622336
vnr-counter-scaleout-wr10,Socket,Interleave,32,7,10.0,1,1,45,5571392
vnr-counter-scaleout-wr10,Socket,Interleave,32,7,10.0,1,1,46,5485216
vnr-counter-scaleout-wr10,Socket,Interleave,32,7,10.0,1,1,47,5569216
vnr-counter-scaleout-wr10,Socket,Interleave,32,7,10.0,1,1,48,5523840
vnr-counter-scaleout-wr10,Socket,Interleave,32,7,10.0,1,1,49,5511808
vnr-counter-scaleout-wr10,Socket,Interleave,32,7,10.0,1,1,50,5532192
vnr-counter-scaleout-wr10,Socket,Interleave,32,7,10.0,1,1,51,5523072
vnr-counter-scaleout-wr10,Socket,Interleave,32,7,10.0,1,1,52,5543808
vnr-counter-scaleout-wr10,Socket,Interleave,32,7,10.0,1,1,53,5567712
vnr-counter-scaleout-wr10,Socket,Interleave,32,7,10.0,1,1,54,5540448
vnr-counter-scaleout-wr10,Socket,Interleave,32,7,10.0,1,1,55,5551040
vnr-counter-scaleout-wr10,Socket,Interleave,32,7,10.0,1,1,56,5529344
vnr-counter-scaleout-wr10,Socket,Interleave,32,7,10.0,1,1,57,5571488
vnr-counter-scaleout-wr10,Socket,Interleave,32,7,10.0,1,1,58,5555808
vnr-counter-scaleout-wr10,Socket,Interleave,32,7,10.0,1,1,59,5535616
vnr-counter-scaleout-wr10,Socket,Interleave,32,7,10.0,1,1,60,5591360
vnr-counter-scaleout-wr10,Socket,Interleave,32,7,10.0,2,2,1,5526816
vnr-counter-scaleout-wr10,Socket,Interleave,32,7,10.0,2,2,2,5532320
vnr-counter-scaleout-wr10,Socket,Interleave,32,7,10.0,2,2,3,5506944
vnr-counter-scaleout-wr10,Socket,Interleave,32,7,10.0,2,2,4,5500768
vnr-counter-scaleout-wr10,Socket,Interleave,32,7,10.0,2,2,5,5507296
vnr-counter-scaleout-wr10,Socket,Interleave,32,7,10.0,2,2,6,5528160
vnr-counter-scaleout-wr10,Socket,Interleave,32,7,10.0,2,2,7,5502496
vnr-counter-scaleout-wr10,Socket,Interleave,32,7,10.0,2,2,8,5495968
vnr-counter-scaleout-wr10,Socket,Interleave,32,7,10.0,2,2,9,5529088
vnr-counter-scaleout-wr10,Socket,Interleave,32,7,10.0,2,2,10,5513344
vnr-counter-scaleout-wr10,Socket,Interleave,32,7,10.0,2,2,11,5532192
vnr-counter-scaleout-wr10,Socket,Interleave,32,7,10.0,2,2,12,5500192
vnr-counter-scaleout-wr10,Socket,Interleave,32,7,10.0,2,2,13,5499840
vnr-counter-scaleout-wr10,Socket,Interleave,32,7,10.0,2,2,14,5508768
vnr-counter-scaleout-wr10,Socket,Interleave,32,7,10.0,2,2,15,5503712
vnr-counter-scaleout-wr10,Socket,Interleave,32,7,10.0,2,2,16,5502464
vnr-counter-scaleout-wr10,Socket,Interleave,32,7,10.0,2,2,17,5515680
vnr-counter-scaleout-wr10,Socket,Interleave,32,7,10.0,2,2,18,5534112
vnr-counter-scaleout-wr10,Socket,Interleave,32,7,10.0,2,2,19,5493152
vnr-counter-scaleout-wr10,Socket,Interleave,32,7,10.0,2,2,20,5502688
vnr-counter-scaleout-wr10,Socket,Interleave,32,7,10.0,2,2,21,5515872
vnr-counter-scaleout-wr10,Socket,Interleave,32,7,10.0,2,2,22,5547936
vnr-counter-scaleout-wr10,Socket,Interleave,32,7,10.0,2,2,23,5553440
vnr-counter-scaleout-wr10,Socket,Interleave,32,7,10.0,2,2,24,5509632
vnr-counter-scaleout-wr10,Socket,Interleave,32,7,10.0,2,2,25,5515616
vnr-counter-scaleout-wr10,Socket,Interleave,32,7,10.0,2,2,26,5500736
vnr-counter-scaleout-wr10,Socket,Interleave,32,7,10.0,2,2,27,5534912
vnr-counter-scaleout-wr10,Socket,Interleave,32,7,10.0,2,2,28,5505280
vnr-counter-scaleout-wr10,Socket,Interleave,32,7,10.0,2,2,29,5497568
vnr-counter-scaleout-wr10,Socket,Interleave,32,7,10.0,2,2,30,5503552
vnr-counter-scaleout-wr10,Socket,Interleave,32,7,10.0,2,2,31,5498496
vnr-counter-scaleout-wr10,Socket,Interleave,32,7,10.0,2,2,32,5497760
vnr-counter-scaleout-wr10,Socket,Interleave,32,7,10.0,2,2,33,5499424
vnr-counter-scaleout-wr10,Socket,Interleave,32,7,10.0,2,2,34,5497984
vnr-counter-scaleout-wr10,Socket,Interleave,32,7,10.0,2,2,35,5528992
vnr-counter-scaleout-wr10,Socket,Interleave,32,7,10.0,2,2,36,5536896
vnr-counter-scaleout-wr10,Socket,Interleave,32,7,10.0,2,2,37,5520864
vnr-counter-scaleout-wr10,Socket,Interleave,32,7,10.0,2,2,38,5515936
vnr-counter-scaleout-wr10,Socket,Interleave,32,7,10.0,2,2,39,5511968
vnr-counter-scaleout-wr10,Socket,Interleave,32,7,10.0,2,2,40,5503168
vnr-counter-scaleout-wr10,Socket,Interleave,32,7,10.0,2,2,41,5551328
vnr-counter-scaleout-wr10,Socket,Interleave,32,7,10.0,2,2,42,5497216
vnr-counter-scaleout-wr10,Socket,Interleave,32,7,10.0,2,2,43,5553888
vnr-counter-scaleout-wr10,Socket,Interleave,32,7,10.0,2,2,44,5566208
vnr-counter-scaleout-wr10,Socket,Interleave,32,7,10.0,2,2,45,5527104
vnr-counter-scaleout-wr10,Socket,Interleave,32,7,10.0,2,2,46,5422752
vnr-counter-scaleout-wr10,Socket,Interleave,32,7,10.0,2,2,47,5501408
vnr-counter-scaleout-wr10,Socket,Interleave,32,7,10.0,2,2,48,5428704
vnr-counter-scaleout-wr10,Socket,Interleave,32,7,10.0,2,2,49,5481664
vnr-counter-scaleout-wr10,Socket,Interleave,32,7,10.0,2,2,50,5493024
vnr-counter-scaleout-wr10,Socket,Interleave,32,7,10.0,2,2,51,5458016
vnr-counter-scaleout-wr10,Socket,Interleave,32,7,10.0,2,2,52,5502912
vnr-counter-scaleout-wr10,Socket,Interleave,32,7,10.0,2,2,53,5521952
vnr-counter-scaleout-wr10,Socket,Interleave,32,7,10.0,2,2,54,5485344
vnr-counter-scaleout-wr10,Socket,Interleave,32,7,10.0,2,2,55,5496384
vnr-counter-scaleout-wr10,Socket,Interleave,32,7,10.0,2,2,56,5476832
vnr-counter-scaleout-wr10,Socket,Interleave,32,7,10.0,2,2,57,5496800
vnr-counter-scaleout-wr10,Socket,Interleave,32,7,10.0,2,2,58,5521088
vnr-counter-scaleout-wr10,Socket,Interleave,32,7,10.0,2,2,59,5491808
vnr-counter-scaleout-wr10,Socket,Interleave,32,7,10.0,2,2,60,5526240
vnr-counter-scaleout-wr10,Socket,Interleave,32,7,10.0,3,3,1,5346400
vnr-counter-scaleout-wr10,Socket,Interleave,32,7,10.0,3,3,2,5355648
vnr-counter-scaleout-wr10,Socket,Interleave,32,7,10.0,3,3,3,5327360
vnr-counter-scaleout-wr10,Socket,Interleave,32,7,10.0,3,3,4,5306624
vnr-counter-scaleout-wr10,Socket,Interleave,32,7,10.0,3,3,5,5329216
vnr-counter-scaleout-wr10,Socket,Interleave,32,7,10.0,3,3,6,5347008
vnr-counter-scaleout-wr10,Socket,Interleave,32,7,10.0,3,3,7,5347392
vnr-counter-scaleout-wr10,Socket,Interleave,32,7,10.0,3,3,8,5319904
vnr-counter-scaleout-wr10,Socket,Interleave,32,7,10.0,3,3,9,5324480
vnr-counter-scaleout-wr10,Socket,Interleave,32,7,10.0,3,3,10,5341344
vnr-counter-scaleout-wr10,Socket,Interleave,32,7,10.0,3,3,11,5347648
vnr-counter-scaleout-wr10,Socket,Interleave,32,7,10.0,3,3,12,5319168
vnr-counter-scaleout-wr10,Socket,Interleave,32,7,10.0,3,3,13,5316192
vnr-counter-scaleout-wr10,Socket,Interleave,32,7,10.0,3,3,14,5320512
vnr-counter-scaleout-wr10,Socket,Interleave,32,7,10.0,3,3,15,5325600
vnr-counter-scaleout-wr10,Socket,Interleave,32,7,10.0,3,3,16,5321920
vnr-counter-scaleout-wr10,Socket,Interleave,32,7,10.0,3,3,17,5342336
vnr-counter-scaleout-wr10,Socket,Interleave,32,7,10.0,3,3,18,5355296
vnr-counter-scaleout-wr10,Socket,Interleave,32,7,10.0,3,3,19,5317664
vnr-counter-scaleout-wr10,Socket,Interleave,32,7,10.0,3,3,20,5320864
vnr-counter-scaleout-wr10,Socket,Interleave,32,7,10.0,3,3,21,5344320
vnr-counter-scaleout-wr10,Socket,Interleave,32,7,10.0,3,3,22,5373312
vnr-counter-scaleout-wr10,Socket,Interleave,32,7,10.0,3,3,23,5360384
vnr-counter-scaleout-wr10,Socket,Interleave,32,7,10.0,3,3,24,5332256
vnr-counter-scaleout-wr10,Socket,Interleave,32,7,10.0,3,3,25,5341088
vnr-counter-scaleout-wr10,Socket,Interleave,32,7,10.0,3,3,26,5321280
vnr-counter-scaleout-wr10,Socket,Interleave,32,7,10.0,3,3,27,5332288
vnr-counter-scaleout-wr10,Socket,Interleave,32,7,10.0,3,3,28,5327712
vnr-counter-scaleout-wr10,Socket,Interleave,32,7,10.0,3,3,29,5314368
vnr-counter-scaleout-wr10,Socket,Interleave,32,7,10.0,3,3,30,5316448
vnr-counter-scaleout-wr10,Socket,Interleave,32,7,10.0,3,3,31,5332096
vnr-counter-scaleout-wr10,Socket,Interleave,32,7,10.0,3,3,32,5316928
vnr-counter-scaleout-wr10,Socket,Interleave,32,7,10.0,3,3,33,5318848
vnr-counter-scaleout-wr10,Socket,Interleave,32,7,10.0,3,3,34,5325344
vnr-counter-scaleout-wr10,Socket,Interleave,32,7,10.0,3,3,35,5345344
vnr-counter-scaleout-wr10,Socket,Interleave,32,7,10.0,3,3,36,5349696
vnr-counter-scaleout-wr10,Socket,Interleave,32,7,10.0,3,3,37,5329376
vnr-counter-scaleout-wr10,Socket,Interleave,32,7,10.0,3,3,38,5344768
vnr-counter-scaleout-wr10,Socket,Interleave,32,7,10.0,3,3,39,5349408
vnr-counter-scaleout-wr10,Socket,Interleave,32,7,10.0,3,3,40,5319968
vnr-counter-scaleout-wr10,Socket,Interleave,32,7,10.0,3,3,41,5366880
vnr-counter-scaleout-wr10,Socket,Interleave,32,7,10.0,3,3,42,5315424
vnr-counter-scaleout-wr10,Socket,Interleave,32,7,10.0,3,3,43,5360960
vnr-counter-scaleout-wr10,Socket,Interleave,32,7,10.0,3,3,44,5369792
vnr-counter-scaleout-wr10,Socket,Interleave,32,7,10.0,3,3,45,5352832
vnr-counter-scaleout-wr10,Socket,Interleave,32,7,10.0,3,3,46,5257248
vnr-counter-scaleout-wr10,Socket,Interleave,32,7,10.0,3,3,47,5343072
vnr-counter-scaleout-wr10,Socket,Interleave,32,7,10.0,3,3,48,5307392
vnr-counter-scaleout-wr10,Socket,Interleave,32,7,10.0,3,3,49,5298912
vnr-counter-scaleout-wr10,Socket,Interleave,32,7,10.0,3,3,50,5322688
vnr-counter-scaleout-wr10,Socket,Interleave,32,7,10.0,3,3,51,5310048
vnr-counter-scaleout-wr10,Socket,Interleave,32,7,10.0,3,3,52,5329312
vnr-counter-scaleout-wr10,Socket,Interleave,32,7,10.0,3,3,53,5340640
vnr-counter-scaleout-wr10,Socket,Interleave,32,7,10.0,3,3,54,5324608
vnr-counter-scaleout-wr10,Socket,Interleave,32,7,10.0,3,3,55,5328224
vnr-counter-scaleout-wr10,Socket,Interleave,32,7,10.0,3,3,56,5304672
vnr-counter-scaleout-wr10,Socket,Interleave,32,7,10.0,3,3,57,5352064
vnr-counter-scaleout-wr10,Socket,Interleave,32,7,10.0,3,3,58,5336640
vnr-counter-scaleout-wr10,Socket,Interleave,32,7,10.0,3,3,59,5312704
vnr-counter-scaleout-wr10,Socket,Interleave,32,7,10.0,3,3,60,5363552
vnr-counter-scaleout-wr10,Socket,Interleave,32,7,10.0,4,4,1,5280576
vnr-counter-scaleout-wr10,Socket,Interleave,32,7,10.0,4,4,2,5297728
vnr-counter-scaleout-wr10,Socket,Interleave,32,7,10.0,4,4,3,5271904
vnr-counter-scaleout-wr10,Socket,Interleave,32,7,10.0,4,4,4,5260096
vnr-counter-scaleout-wr10,Socket,Interleave,32,7,10.0,4,4,5,5262944
vnr-counter-scaleout-wr10,Socket,Interleave,32,7,10.0,4,4,6,5289024
vnr-counter-scaleout-wr10,Socket,Interleave,32,7,10.0,4,4,7,5265152
vnr-counter-scaleout-wr10,Socket,Interleave,32,7,10.0,4,4,8,5255552
vnr-counter-scaleout-wr10,Socket,Interleave,32,7,10.0,4,4,9,5271936
vnr-counter-scaleout-wr10,Socket,Interleave,32,7,10.0,4,4,10,5269312
vnr-counter-scaleout-wr10,Socket,Interleave,32,7,10.0,4,4,11,5291808
vnr-counter-scaleout-wr10,Socket,Interleave,32,7,10.0,4,4,12,5261472
vnr-counter-scaleout-wr10,Socket,Interleave,32,7,10.0,4,4,13,5273504
vnr-counter-scaleout-wr10,Socket,Interleave,32,7,10.0,4,4,14,5277312
vnr-counter-scaleout-wr10,Socket,Interleave,32,7,10.0,4,4,15,5264384
vnr-counter-scaleout-wr10,Socket,Interleave,32,7,10.0,4,4,16,5265504
vnr-counter-scaleout-wr10,Socket,Interleave,32,7,10.0,4,4,17,5255328
vnr-counter-scaleout-wr10,Socket,Interleave,32,7,10.0,4,4,18,5278752
vnr-counter-scaleout-wr10,Socket,Interleave,32,7,10.0,4,4,19,5267552
vnr-counter-scaleout-wr10,Socket,Interleave,32,7,10.0,4,4,20,5278880
vnr-counter-scaleout-wr10,Socket,Interleave,32,7,10.0,4,4,21,5288000
vnr-counter-scaleout-wr10,Socket,Interleave,32,7,10.0,4,4,22,5323680
vnr-counter-scaleout-wr10,Socket,Interleave,32,7,10.0,4,4,23,5314176
vnr-counter-scaleout-wr10,Socket,Interleave,32,7,10.0,4,4,24,5252032
vnr-counter-scaleout-wr10,Socket,Interleave,32,7,10.0,4,4,25,5284640
vnr-counter-scaleout-wr10,Socket,Interleave,32,7,10.0,4,4,26,5258656
vnr-counter-scaleout-wr10,Socket,Interleave,32,7,10.0,4,4,27,5287488
vnr-counter-scaleout-wr10,Socket,Interleave,32,7,10.0,4,4,28,5282080
vnr-counter-scaleout-wr10,Socket,Interleave,32,7,10.0,4,4,29,5255392
vnr-counter-scaleout-wr10,Socket,Interleave,32,7,10.0,4,4,30,5273760
vnr-counter-scaleout-wr10,Socket,Interleave,32,7,10.0,4,4,31,5271040
vnr-counter-scaleout-wr10,Socket,Interleave,32,7,10.0,4,4,32,5250624
vnr-counter-scaleout-wr10,Socket,Interleave,32,7,10.0,4,4,33,5265728
vnr-counter-scaleout-wr10,Socket,Interleave,32,7,10.0,4,4,34,5257120
vnr-counter-scaleout-wr10,Socket,Interleave,32,7,10.0,4,4,35,5288672
vnr-counter-scaleout-wr10,Socket,Interleave,32,7,10.0,4,4,36,5292288
vnr-counter-scaleout-wr10,Socket,Interleave,32,7,10.0,4,4,37,5286240
vnr-counter-scaleout-wr10,Socket,Interleave,32,7,10.0,4,4,38,5276896
vnr-counter-scaleout-wr10,Socket,Interleave,32,7,10.0,4,4,39,5278624
vnr-counter-scaleout-wr10,Socket,Interleave,32,7,10.0,4,4,40,5238464
vnr-counter-scaleout-wr10,Socket,Interleave,32,7,10.0,4,4,41,5321792
vnr-counter-scaleout-wr10,Socket,Interleave,32,7,10.0,4,4,42,5265120
vnr-counter-scaleout-wr10,Socket,Interleave,32,7,10.0,4,4,43,5304864
vnr-counter-scaleout-wr10,Socket,Interleave,32,7,10.0,4,4,44,5320960
vnr-counter-scaleout-wr10,Socket,Interleave,32,7,10.0,4,4,45,5276128
vnr-counter-scaleout-wr10,Socket,Interleave,32,7,10.0,4,4,46,5198560
vnr-counter-scaleout-wr10,Socket,Interleave,32,7,10.0,4,4,47,5298336
vnr-counter-scaleout-wr10,Socket,Interleave,32,7,10.0,4,4,48,5232576
vnr-counter-scaleout-wr10,Socket,Interleave,32,7,10.0,4,4,49,5257088
vnr-counter-scaleout-wr10,Socket,Interleave,32,7,10.0,4,4,50,5261344
vnr-counter-scaleout-wr10,Socket,Interleave,32,7,10.0,4,4,51,5270272
vnr-counter-scaleout-wr10,Socket,Interleave,32,7,10.0,4,4,52,5273824
vnr-counter-scaleout-wr10,Socket,Interleave,32,7,10.0,4,4,53,5270464
vnr-counter-scaleout-wr10,Socket,Interleave,32,7,10.0,4,4,54,5271808
vnr-counter-scaleout-wr10,Socket,Interleave,32,7,10.0,4,4,55,5282560
vnr-counter-scaleout-wr10,Socket,Interleave,32,7,10.0,4,4,56,5257216
vnr-counter-scaleout-wr10,Socket,Interleave,32,7,10.0,4,4,57,5285344
vnr-counter-scaleout-wr10,Socket,Interleave,32,7,10.0,4,4,58,5270496
vnr-counter-scaleout-wr10,Socket,Interleave,32,7,10.0,4,4,59,5257504
vnr-counter-scaleout-wr10,Socket,Interleave,32,7,10.0,4,4,60,5310880
vnr-counter-scaleout-wr10,Socket,Interleave,32,7,10.0,5,5,1,5131072
vnr-counter-scaleout-wr10,Socket,Interleave,32,7,10.0,5,5,2,5155072
vnr-counter-scaleout-wr10,Socket,Interleave,32,7,10.0,5,5,3,5123520
vnr-counter-scaleout-wr10,Socket,Interleave,32,7,10.0,5,5,4,5108224
vnr-counter-scaleout-wr10,Socket,Interleave,32,7,10.0,5,5,5,5133056
vnr-counter-scaleout-wr10,Socket,Interleave,32,7,10.0,5,5,6,5138816
vnr-counter-scaleout-wr10,Socket,Interleave,32,7,10.0,5,5,7,5132288
vnr-counter-scaleout-wr10,Socket,Interleave,32,7,10.0,5,5,8,5105184
vnr-counter-scaleout-wr10,Socket,Interleave,32,7,10.0,5,5,9,5116608
vnr-counter-scaleout-wr10,Socket,Interleave,32,7,10.0,5,5,10,5140736
vnr-counter-scaleout-wr10,Socket,Interleave,32,7,10.0,5,5,11,5140960
vnr-counter-scaleout-wr10,Socket,Interleave,32,7,10.0,5,5,12,5113472
vnr-counter-scaleout-wr10,Socket,Interleave,32,7,10.0,5,5,13,5130592
vnr-counter-scaleout-wr10,Socket,Interleave,32,7,10.0,5,5,14,5122816
vnr-counter-scaleout-wr10,Socket,Interleave,32,7,10.0,5,5,15,5129472
vnr-counter-scaleout-wr10,Socket,Interleave,32,7,10.0,5,5,16,5112352
vnr-counter-scaleout-wr10,Socket,Interleave,32,7,10.0,5,5,17,5123456
vnr-counter-scaleout-wr10,Socket,Interleave,32,7,10.0,5,5,18,5144256
vnr-counter-scaleout-wr10,Socket,Interleave,32,7,10.0,5,5,19,5110304
vnr-counter-scaleout-wr10,Socket,Interleave,32,7,10.0,5,5,20,5126016
vnr-counter-scaleout-wr10,Socket,Interleave,32,7,10.0,5,5,21,5142496
vnr-counter-scaleout-wr10,Socket,Interleave,32,7,10.0,5,5,22,5165632
vnr-counter-scaleout-wr10,Socket,Interleave,32,7,10.0,5,5,23,5165888
vnr-counter-scaleout-wr10,Socket,Interleave,32,7,10.0,5,5,24,5134816
vnr-counter-scaleout-wr10,Socket,Interleave,32,7,10.0,5,5,25,5128672
vnr-counter-scaleout-wr10,Socket,Interleave,32,7,10.0,5,5,26,5114912
vnr-counter-scaleout-wr10,Socket,Interleave,32,7,10.0,5,5,27,5130944
vnr-counter-scaleout-wr10,Socket,Interleave,32,7,10.0,5,5,28,5129376
vnr-counter-scaleout-wr10,Socket,Interleave,32,7,10.0,5,5,29,5118400
vnr-counter-scaleout-wr10,Socket,Interleave,32,7,10.0,5,5,30,5112736
vnr-counter-scaleout-wr10,Socket,Interleave,32,7,10.0,5,5,31,5117056
vnr-counter-scaleout-wr10,Socket,Interleave,32,7,10.0,5,5,32,5114592
vnr-counter-scaleout-wr10,Socket,Interleave,32,7,10.0,5,5,33,5122784
vnr-counter-scaleout-wr10,Socket,Interleave,32,7,10.0,5,5,34,5120448
vnr-counter-scaleout-wr10,Socket,Interleave,32,7,10.0,5,5,35,5129056
vnr-counter-scaleout-wr10,Socket,Interleave,32,7,10.0,5,5,36,5141632
vnr-counter-scaleout-wr10,Socket,Interleave,32,7,10.0,5,5,37,5136480
vnr-counter-scaleout-wr10,Socket,Interleave,32,7,10.0,5,5,38,5135072
vnr-counter-scaleout-wr10,Socket,Interleave,32,7,10.0,5,5,39,5130528
vnr-counter-scaleout-wr10,Socket,Interleave,32,7,10.0,5,5,40,5114048
vnr-counter-scaleout-wr10,Socket,Interleave,32,7,10.0,5,5,41,5154048
vnr-counter-scaleout-wr10,Socket,Interleave,32,7,10.0,5,5,42,5118464
vnr-counter-scaleout-wr10,Socket,Interleave,32,7,10.0,5,5,43,5152320
vnr-counter-scaleout-wr10,Socket,Interleave,32,7,10.0,5,5,44,5164320
vnr-counter-scaleout-wr10,Socket,Interleave,32,7,10.0,5,5,45,5129664
vnr-counter-scaleout-wr10,Socket,Interleave,32,7,10.0,5,5,46,5055872
vnr-counter-scaleout-wr10,Socket,Interleave,32,7,10.0,5,5,47,5153888
vnr-counter-scaleout-wr10,Socket,Interleave,32,7,10.0,5,5,48,5096608
vnr-counter-scaleout-wr10,Socket,Interleave,32,7,10.0,5,5,49,5108128
vnr-counter-scaleout-wr10,Socket,Interleave,32,7,10.0,5,5,50,5111808
vnr-counter-scaleout-wr10,Socket,Interleave,32,7,10.0,5,5,51,5108640
vnr-counter-scaleout-wr10,Socket,Interleave,32,7,10.0,5,5,52,5121536
vnr-counter-scaleout-wr10,Socket,Interleave,32,7,10.0,5,5,53,5123488
vnr-counter-scaleout-wr10,Socket,Interleave,32,7,10.0,5,5,54,5132704
vnr-counter-scaleout-wr10,Socket,Interleave,32,7,10.0,5,5,55,5120256
vnr-counter-scaleout-wr10,Socket,Interleave,32,7,10.0,5,5,56,5087936
vnr-counter-scaleout-wr10,Socket,Interleave,32,7,10.0,5,5,57,5146272
vnr-counter-scaleout-wr10,Socket,Interleave,32,7,10.0,5,5,58,5124128
vnr-counter-scaleout-wr10,Socket,Interleave,32,7,10.0,5,5,59,5111456
vnr-counter-scaleout-wr10,Socket,Interleave,32,7,10.0,5,5,60,5154784
vnr-counter-scaleout-wr10,Socket,Interleave,32,7,10.0,6,6,1,4463328
vnr-counter-scaleout-wr10,Socket,Interleave,32,7,10.0,6,6,2,4471712
vnr-counter-scaleout-wr10,Socket,Interleave,32,7,10.0,6,6,3,4445344
vnr-counter-scaleout-wr10,Socket,Interleave,32,7,10.0,6,6,4,4456960
vnr-counter-scaleout-wr10,Socket,Interleave,32,7,10.0,6,6,5,4445408
vnr-counter-scaleout-wr10,Socket,Interleave,32,7,10.0,6,6,6,4470656
vnr-counter-scaleout-wr10,Socket,Interleave,32,7,10.0,6,6,7,4455616
vnr-counter-scaleout-wr10,Socket,Interleave,32,7,10.0,6,6,8,4453632
vnr-counter-scaleout-wr10,Socket,Interleave,32,7,10.0,6,6,9,4448096
vnr-counter-scaleout-wr10,Socket,Interleave,32,7,10.0,6,6,10,4465280
vnr-counter-scaleout-wr10,Socket,Interleave,32,7,10.0,6,6,11,4457824
vnr-counter-scaleout-wr10,Socket,Interleave,32,7,10.0,6,6,12,4447168
vnr-counter-scaleout-wr10,Socket,Interleave,32,7,10.0,6,6,13,4447456
vnr-counter-scaleout-wr10,Socket,Interleave,32,7,10.0,6,6,14,4445664
vnr-counter-scaleout-wr10,Socket,Interleave,32,7,10.0,6,6,15,4462752
vnr-counter-scaleout-wr10,Socket,Interleave,32,7,10.0,6,6,16,4442048
vnr-counter-scaleout-wr10,Socket,Interleave,32,7,10.0,6,6,17,4449280
vnr-counter-scaleout-wr10,Socket,Interleave,32,7,10.0,6,6,18,4472160
vnr-counter-scaleout-wr10,Socket,Interleave,32,7,10.0,6,6,19,4446752
vnr-counter-scaleout-wr10,Socket,Interleave,32,7,10.0,6,6,20,4449792
vnr-counter-scaleout-wr10,Socket,Interleave,32,7,10.0,6,6,21,4466656
vnr-counter-scaleout-wr10,Socket,Interleave,32,7,10.0,6,6,22,4474944
vnr-counter-scaleout-wr10,Socket,Interleave,32,7,10.0,6,6,23,4482336
vnr-counter-scaleout-wr10,Socket,Interleave,32,7,10.0,6,6,24,4445984
vnr-counter-scaleout-wr10,Socket,Interleave,32,7,10.0,6,6,25,4452928
vnr-counter-scaleout-wr10,Socket,Interleave,32,7,10.0,6,6,26,4458656
vnr-counter-scaleout-wr10,Socket,Interleave,32,7,10.0,6,6,27,4451520
vnr-counter-scaleout-wr10,Socket,Interleave,32,7,10.0,6,6,28,4445088
vnr-counter-scaleout-wr10,Socket,Interleave,32,7,10.0,6,6,29,4450240
vnr-counter-scaleout-wr10,Socket,Interleave,32,7,10.0,6,6,30,4447328
vnr-counter-scaleout-wr10,Socket,Interleave,32,7,10.0,6,6,31,4450976
vnr-counter-scaleout-wr10,Socket,Interleave,32,7,10.0,6,6,32,4454560
vnr-counter-scaleout-wr10,Socket,Interleave,32,7,10.0,6,6,33,4444480
vnr-counter-scaleout-wr10,Socket,Interleave,32,7,10.0,6,6,34,4449216
vnr-counter-scaleout-wr10,Socket,Interleave,32,7,10.0,6,6,35,4461568
vnr-counter-scaleout-wr10,Socket,Interleave,32,7,10.0,6,6,36,4471392
vnr-counter-scaleout-wr10,Socket,Interleave,32,7,10.0,6,6,37,4458848
vnr-counter-scaleout-wr10,Socket,Interleave,32,7,10.0,6,6,38,4461504
vnr-counter-scaleout-wr10,Socket,Interleave,32,7,10.0,6,6,39,4444704
vnr-counter-scaleout-wr10,Socket,Interleave,32,7,10.0,6,6,40,4445888
vnr-counter-scaleout-wr10,Socket,Interleave,32,7,10.0,6,6,41,4478752
vnr-counter-scaleout-wr10,Socket,Interleave,32,7,10.0,6,6,42,4438592
vnr-counter-scaleout-wr10,Socket,Interleave,32,7,10.0,6,6,43,4482496
vnr-counter-scaleout-wr10,Socket,Interleave,32,7,10.0,6,6,44,4469984
vnr-counter-scaleout-wr10,Socket,Interleave,32,7,10.0,6,6,45,4458944
vnr-counter-scaleout-wr10,Socket,Interleave,32,7,10.0,6,6,46,4412896
vnr-counter-scaleout-wr10,Socket,Interleave,32,7,10.0,6,6,47,4461984
vnr-counter-scaleout-wr10,Socket,Interleave,32,7,10.0,6,6,48,4426528
vnr-counter-scaleout-wr10,Socket,Interleave,32,7,10.0,6,6,49,4442240
vnr-counter-scaleout-wr10,Socket,Interleave,32,7,10.0,6,6,50,4436448
vnr-counter-scaleout-wr10,Socket,Interleave,32,7,10.0,6,6,51,4459200
vnr-counter-scaleout-wr10,Socket,Interleave,32,7,10.0,6,6,52,4444672
vnr-counter-scaleout-wr10,Socket,Interleave,32,7,10.0,6,6,53,4451904
vnr-counter-scaleout-wr10,Socket,Interleave,32,7,10.0,6,6,54,4462144
vnr-counter-scaleout-wr10,Socket,Interleave,32,7,10.0,6,6,55,4454400
vnr-counter-scaleout-wr10,Socket,Interleave,32,7,10.0,6,6,56,4433344
vnr-counter-scaleout-wr10,Socket,Interleave,32,7,10.0,6,6,57,4465216
vnr-counter-scaleout-wr10,Socket,Interleave,32,7,10.0,6,6,58,4455072
vnr-counter-scaleout-wr10,Socket,Interleave,32,7,10.0,6,6,59,4444512
vnr-counter-scaleout-wr10,Socket,Interleave,32,7,10.0,6,6,60,4483232
vnr-counter-scaleout-wr10,Socket,Interleave,32,1,10.0,0,0,1,27955968
vnr-counter-scaleout-wr10,Socket,Interleave,32,1,10.0,0,0,2,28016160
vnr-counter-scaleout-wr10,Socket,Interleave,32,1,10.0,0,0,3,28466848
vnr-counter-scaleout-wr10,Socket,Interleave,32,1,10.0,0,0,4,27792768
vnr-counter-scaleout-wr10,Socket,Interleave,32,1,10.0,0,0,5,28515680
vnr-counter-scaleout-wr10,Socket,Interleave,32,1,10.0,0,0,6,28183008
vnr-counter-scaleout-wr10,Socket,Interleave,32,1,10.0,0,0,7,28290656
vnr-counter-scaleout-wr10,Socket,Interleave,32,1,10.0,0,0,8,28583232
vnr-counter-scaleout-wr10,Socket,Interleave,32,1,10.0,0,0,9,28228960
vnr-counter-scaleout-wr10,Socket,Interleave,32,1,10.0,0,0,10,28047296
vnr-counter-scaleout-wr10,Socket,Interleave,32,1,10.0,0,0,11,28425312
vnr-counter-scaleout-wr10,Socket,Interleave,32,1,10.0,0,0,12,28272160
vnr-counter-scaleout-wr10,Socket,Interleave,32,1,10.0,0,0,13,28183200
vnr-counter-scaleout-wr10,Socket,Interleave,32,1,10.0,0,0,14,28232736
vnr-counter-scaleout-wr10,Socket,Interleave,32,1,10.0,0,0,15,28499392
vnr-counter-scaleout-wr10,Socket,Interleave,32,1,10.0,0,0,16,28294272
vnr-counter-scaleout-wr10,Socket,Interleave,32,1,10.0,0,0,17,28299904
vnr-counter-scaleout-wr10,Socket,Interleave,32,1,10.0,0,0,18,28270208
vnr-counter-scaleout-wr10,Socket,Interleave,32,1,10.0,0,0,19,28088928
vnr-counter-scaleout-wr10,Socket,Interleave,32,1,10.0,0,0,20,28466880
vnr-counter-scaleout-wr10,Socket,Interleave,32,1,10.0,0,0,21,28316960
vnr-counter-scaleout-wr10,Socket,Interleave,32,1,10.0,0,0,22,28024672
vnr-counter-scaleout-wr10,Socket,Interleave,32,1,10.0,0,0,23,28510752
vnr-counter-scaleout-wr10,Socket,Interleave,32,1,10.0,0,0,24,28427872
vnr-counter-scaleout-wr10,Socket,Interleave,32,1,10.0,0,0,25,27988608
vnr-counter-scaleout-wr10,Socket,Interleave,32,1,10.0,0,0,26,27974144
vnr-counter-scaleout-wr10,Socket,Interleave,32,1,10.0,0,0,27,28216736
vnr-counter-scaleout-wr10,Socket,Interleave,32,1,10.0,0,0,28,28211136
vnr-counter-scaleout-wr10,Socket,Interleave,32,1,10.0,0,0,29,28520096
vnr-counter-scaleout-wr10,Socket,Interleave,32,1,10.0,0,0,30,28216288
vnr-counter-scaleout-wr10,Socket,Interleave,32,1,10.0,0,0,31,28280320
vnr-counter-scaleout-wr10,Socket,Interleave,32,1,10.0,0,0,32,28448608
vnr-counter-scaleout-wr10,Socket,Interleave,32,1,10.0,0,0,33,28426400
vnr-counter-scaleout-wr10,Socket,Interleave,32,1,10.0,0,0,34,27956992
vnr-counter-scaleout-wr10,Socket,Interleave,32,1,10.0,0,0,35,28325152
vnr-counter-scaleout-wr10,Socket,Interleave,32,1,10.0,0,0,36,28328000
vnr-counter-scaleout-wr10,Socket,Interleave,32,1,10.0,0,0,37,28204032
vnr-counter-scaleout-wr10,Socket,Interleave,32,1,10.0,0,0,38,28221376
vnr-counter-scaleout-wr10,Socket,Interleave,32,1,10.0,0,0,39,28355520
vnr-counter-scaleout-wr10,Socket,Interleave,32,1,10.0,0,0,40,28151808
vnr-counter-scaleout-wr10,Socket,Interleave,32,1,10.0,0,0,41,28460320
vnr-counter-scaleout-wr10,Socket,Interleave,32,1,10.0,0,0,42,28257536
vnr-counter-scaleout-wr10,Socket,Interleave,32,1,10.0,0,0,43,28048352
vnr-counter-scaleout-wr10,Socket,Interleave,32,1,10.0,0,0,44,28372160
vnr-counter-scaleout-wr10,Socket,Interleave,32,1,10.0,0,0,45,28504544
vnr-counter-scaleout-wr10,Socket,Interleave,32,1,10.0,0,0,46,28038720
vnr-counter-scaleout-wr10,Socket,Interleave,32,1,10.0,0,0,47,28511456
vnr-counter-scaleout-wr10,Socket,Interleave,32,1,10.0,0,0,48,28268704
vnr-counter-scaleout-wr10,Socket,Interleave,32,1,10.0,0,0,49,28232672
vnr-counter-scaleout-wr10,Socket,Interleave,32,1,10.0,0,0,50,28271456
vnr-counter-scaleout-wr10,Socket,Interleave,32,1,10.0,0,0,51,28132416
vnr-counter-scaleout-wr10,Socket,Interleave,32,1,10.0,0,0,52,28273888
vnr-counter-scaleout-wr10,Socket,Interleave,32,1,10.0,0,0,53,28260096
vnr-counter-scaleout-wr10,Socket,Interleave,32,1,10.0,0,0,54,28429824
vnr-counter-scaleout-wr10,Socket,Interleave,32,1,10.0,0,0,55,28278016
vnr-counter-scaleout-wr10,Socket,Interleave,32,1,10.0,0,0,56,28261344
vnr-counter-scaleout-wr10,Socket,Interleave,32,1,10.0,0,0,57,28360704
vnr-counter-scaleout-wr10,Socket,Interleave,32,1,10.0,0,0,58,28118976
vnr-counter-scaleout-wr10,Socket,Interleave,32,1,10.0,0,0,59,27920928
vnr-counter-scaleout-wr10,Socket,Interleave,32,1,10.0,0,0,60,28398112
